Old URL generating 404,New URL
https://securitycocktailhour.com/store-|-pens%2C-mugs-%26-more,N/A
https://securitycocktailhour.com/transcript-ep-59,https://securitycocktailhour.com/episodes/episode-59-wifi-pineapple-unboxing-the-hacker-device-from-tv-shows/
https://securitycocktailhour.com/store-|-clothing,N/A
https://securitycocktailhour.com/transcript-ep-60,https://securitycocktailhour.com/episodes/episode-60-crypto-kidnappings-lost-keys-and-million-dollar-bug-bounties/
https://securitycocktailhour.com/episodes-51-60-1,https://securitycocktailhour.com/episodes/
https://securitycocktailhour.com/episodes-61-70,https://securitycocktailhour.com/episodes/
https://securitycocktailhour.com/transcript-ep-61,https://securitycocktailhour.com/episodes/episode-61-ai-attacks-need-ai-defense-ransomwares-new-danger-and-how-a-top-cyber-expert-is-/
https://securitycocktailhour.com/guest-appearances,N/A
https://securitycocktailhour.com/store,N/A
https://securitycocktailhour.com/store-2,N/A
https://securitycocktailhour.com/transcript-ep-21,https://securitycocktailhour.com/episodes/episode-21-medical-devices-halloween-and-whiskey-with-gabrielle-hempel/
https://securitycocktailhour.com/consulting,https://securitycocktailhour.com/about/
https://securitycocktailhour.com/transcript-ep-53,https://securitycocktailhour.com/episodes/episode-53-the-new-rules-of-cyber-incident-response-new-attacks-new-response/
https://securitycocktailhour.com/bios,https://securitycocktailhour.com/about/
https://securitycocktailhour.com/support-us,https://securitycocktailhour.com/partnership/
https://securitycocktailhour.com/episodes-1-10,https://securitycocktailhour.com/episodes/
https://securitycocktailhour.com/episodes-11-20,https://securitycocktailhour.com/episodes/
https://securitycocktailhour.com/transcript-hak5-unboxing,https://securitycocktailhour.com/episodes/
https://securitycocktailhour.com/episodes-41-50-1,https://securitycocktailhour.com/episodes/
https://securitycocktailhour.com/episodes-21-30,https://securitycocktailhour.com/episodes/
https://securitycocktailhour.com/episodes-51-60,https://securitycocktailhour.com/episodes/
https://securitycocktailhour.com/merchandise,N/A
https://securitycocktailhour.com/episodes-31-40,https://securitycocktailhour.com/episodes/
https://securitycocktailhour.com/merchandise1,N/A
